<?xml version="1.0" encoding="utf-8"?>
<extension type="module" version="1.0.2" client="site" method="upgrade">
	<name>MOD_JOGOOGLEAUTH</name>
	<author>JL Tryoen</author>
	<version>1.0.2</version>
	<creationDate>October  3, 2025</creationDate>
	<description>MOD_JOGOOGLEAUTH_DESCRIPTION</description>
	<copyright>Copyright (C) 2025 JL TRYOEN. All rights reserved.</copyright>
	<license>http://www.gnu.org/licenses/gpl-3.0.html GNU/GPL</license>
	<authorEmail>jltryoen@orange.fr</authorEmail>
	<authorUrl>https://github.com/JLTRY/plg_jofacebook</authorUrl>
	<namespace path="src">JLTRY\Module\JOGoogleAuth</namespace>
	<files>
		<folder module="mod_jogoogleauth">services</folder>
		<filename>mod_jogoogleauth.xml</filename>
		<filename>index.html</filename>	 
		<folder>tmpl</folder>
		<folder>src</folder>
		<folder>language</folder>
	</files>
	<scriptfile>install.jogoogleauth.php</scriptfile>
	<config>
		<fields name="params">
			<fieldset name="params">
				<field
					name="loginredirectchoice"
					type="radio"
					class="btn-group btn-group-yesno"
					default="1"
					label="COM_USERS_FIELD_LOGIN_REDIRECT_CHOICE_LABEL"
					description="COM_USERS_FIELD_LOGIN_REDIRECT_CHOICE_DESC"
				>
					<option value="1">COM_USERS_FIELD_LOGIN_MENUITEM</option>
					<option value="0">COM_USERS_FIELD_LOGIN_URL</option>
				</field>
				<field
					name="login_redirect_url"
					type="text"
					label="JFIELD_LOGIN_REDIRECT_URL_LABEL"
					description="JFIELD_LOGIN_REDIRECT_URL_DESC"
					class="inputbox"
					field="login_redirect_menuitem"
					hint="COM_USERS_FIELD_LOGIN_REDIRECT_PLACEHOLDER"
					message="COM_USERS_FIELD_LOGIN_REDIRECT_ERROR"
					showon="loginredirectchoice:0"
				/>
				<field
					name="login_redirect_menuitem"
					type="menuitem"
					disable="separator,alias,heading,url"
					label="COM_USERS_FIELD_LOGIN_REDIRECTMENU_LABEL"
					description="COM_USERS_FIELD_LOGIN_REDIRECTMENU_DESC"
					showon="loginredirectchoice:1"
				>
					<option value="">JDEFAULT</option>
				</field>
			</fieldset>	
		</fields>
	</config>
</extension>